{
    "train": {
        "f1": 0.6365366317792579,
        "precision": 0.7891012031139419,
        "recall": 0.533407749960134
    },
    "test": {
        "f1": 0.6555765595463138,
        "precision": 0.8050139275766016,
        "recall": 0.5529336734693877
    }
}