{
    "train": {
        "f1": 0.6365366317792579,
        "precision": 0.7891012031139419,
        "recall": 0.533407749960134
    },
    "test": {
        "f1": 0.6550680786686838,
        "precision": 0.8048327137546468,
        "recall": 0.5522959183673469
    }
}