{
    "train": {
        "f1": 0.6461279145987452,
        "precision": 0.7826678765880217,
        "recall": 0.5501514909902727
    },
    "test": {
        "f1": 0.6488520888219796,
        "precision": 0.7915518824609734,
        "recall": 0.5497448979591837
    }
}