{
    "train": {
        "f1": 0.6497020149465519,
        "precision": 0.7986046511627907,
        "recall": 0.5476000637856802
    },
    "test": {
        "f1": 0.6472104305639782,
        "precision": 0.797496730805156,
        "recall": 0.5445847684653655
    }
}