{
    "train": {
        "f1": 0.645699128457749,
        "precision": 0.7953325554259043,
        "recall": 0.5434539945782172
    },
    "test": {
        "f1": 0.6312548113933795,
        "precision": 0.7961165048543689,
        "recall": 0.5229591836734694
    }
}