{
    "train": {
        "f1": 0.6470035694157429,
        "precision": 0.7872,
        "recall": 0.5491947057885505
    },
    "test": {
        "f1": 0.643384013247027,
        "precision": 0.7846521020745364,
        "recall": 0.5452226049240975
    }
}