{
    "train": {
        "f1": 0.649033952354155,
        "precision": 0.7879754042359371,
        "recall": 0.551746132993143
    },
    "test": {
        "f1": 0.6384905660377358,
        "precision": 0.7818853974121996,
        "recall": 0.5395408163265306
    }
}