{
    "train": {
        "f1": 0.6443347883848929,
        "precision": 0.7956409655495664,
        "recall": 0.5413809599744858
    },
    "test": {
        "f1": 0.6452250608272506,
        "precision": 0.7986071899115378,
        "recall": 0.5412680188799591
    }
}