{
    "train": {
        "f1": 0.6429913566328448,
        "precision": 0.7825291561856849,
        "recall": 0.5456864933822357
    },
    "test": {
        "f1": 0.6407840180927252,
        "precision": 0.783410138248848,
        "recall": 0.5420918367346939
    }
}